architecture_family,trial_index,status,selection_split,objective_name,objective_value,direction,duration_seconds,trial_dir,config_path,metrics_path,error,auxiliary_loss_coefficient,budget_penalty,dropout,gradient_clipping,hidden_dimension,learning_rate,memory_controller_temperature,number_of_layers,retrieval_top_k,weight_decay,write_threshold
gru,0,COMPLETE,validation,token_accuracy,0.0,maximize,200.10648455600312,reports/logs/hyperparameter_search/full/gru/trial_000,reports/logs/hyperparameter_search/full/gru/trial_000/trial_config.yaml,reports/logs/hyperparameter_search/full/gru/trial_000/metrics.json,,,,0.0,1.0,192,0.00019323760700540112,,2,,0.001,
gru,1,COMPLETE,validation,token_accuracy,0.0,maximize,155.54227226699004,reports/logs/hyperparameter_search/full/gru/trial_001,reports/logs/hyperparameter_search/full/gru/trial_001/trial_config.yaml,reports/logs/hyperparameter_search/full/gru/trial_001/metrics.json,,,,0.1,1.0,128,0.00014370009593172453,,3,,0.0,
gru,2,COMPLETE,validation,token_accuracy,0.020833333333333332,maximize,146.60815628200362,reports/logs/hyperparameter_search/full/gru/trial_002,reports/logs/hyperparameter_search/full/gru/trial_002/trial_config.yaml,reports/logs/hyperparameter_search/full/gru/trial_002/metrics.json,,,,0.3,5.0,192,0.0017037747726536426,,2,,0.001,
gru,3,COMPLETE,validation,token_accuracy,0.0,maximize,114.70004025299568,reports/logs/hyperparameter_search/full/gru/trial_003,reports/logs/hyperparameter_search/full/gru/trial_003/trial_config.yaml,reports/logs/hyperparameter_search/full/gru/trial_003/metrics.json,,,,0.3,1.0,128,0.0001598685395976089,,2,,1e-05,
gru,4,COMPLETE,validation,token_accuracy,0.0,maximize,77.31512599599955,reports/logs/hyperparameter_search/full/gru/trial_004,reports/logs/hyperparameter_search/full/gru/trial_004/trial_config.yaml,reports/logs/hyperparameter_search/full/gru/trial_004/metrics.json,,,,0.0,0.5,128,0.00011711775145537243,,1,,1e-05,
gru,5,COMPLETE,validation,token_accuracy,0.0,maximize,170.2569274000125,reports/logs/hyperparameter_search/full/gru/trial_005,reports/logs/hyperparameter_search/full/gru/trial_005/trial_config.yaml,reports/logs/hyperparameter_search/full/gru/trial_005/metrics.json,,,,0.0,2.0,192,0.000474136808921033,,3,,0.0,
gru,6,COMPLETE,validation,token_accuracy,0.0,maximize,74.58358713699272,reports/logs/hyperparameter_search/full/gru/trial_006,reports/logs/hyperparameter_search/full/gru/trial_006/trial_config.yaml,reports/logs/hyperparameter_search/full/gru/trial_006/metrics.json,,,,0.0,5.0,128,0.001875216861798551,,1,,0.0,
gru,7,COMPLETE,validation,token_accuracy,0.0,maximize,151.566844564004,reports/logs/hyperparameter_search/full/gru/trial_007,reports/logs/hyperparameter_search/full/gru/trial_007/trial_config.yaml,reports/logs/hyperparameter_search/full/gru/trial_007/metrics.json,,,,0.1,1.0,128,0.00015476192969264113,,3,,1e-05,
gru,8,COMPLETE,validation,token_accuracy,0.020833333333333332,maximize,63.32471756100131,reports/logs/hyperparameter_search/full/gru/trial_008,reports/logs/hyperparameter_search/full/gru/trial_008/trial_config.yaml,reports/logs/hyperparameter_search/full/gru/trial_008/metrics.json,,,,0.0,1.0,64,0.000767552581537224,,1,,1e-06,
gru,9,COMPLETE,validation,token_accuracy,0.0,maximize,86.97803074900003,reports/logs/hyperparameter_search/full/gru/trial_009,reports/logs/hyperparameter_search/full/gru/trial_009/trial_config.yaml,reports/logs/hyperparameter_search/full/gru/trial_009/metrics.json,,,,0.3,1.0,96,0.000776523311680977,,2,,1e-05,
gru,10,COMPLETE,validation,token_accuracy,0.0,maximize,62.73607075899781,reports/logs/hyperparameter_search/full/gru/trial_010,reports/logs/hyperparameter_search/full/gru/trial_010/trial_config.yaml,reports/logs/hyperparameter_search/full/gru/trial_010/metrics.json,,,,0.0,0.5,64,0.0019910009382645712,,1,,0.001,
gru,11,COMPLETE,validation,token_accuracy,0.0,maximize,159.4803940270067,reports/logs/hyperparameter_search/full/gru/trial_011,reports/logs/hyperparameter_search/full/gru/trial_011/trial_config.yaml,reports/logs/hyperparameter_search/full/gru/trial_011/metrics.json,,,,0.0,2.0,192,0.0008605374264630904,,3,,0.001,
gru,12,COMPLETE,validation,token_accuracy,0.0,maximize,128.48296747799031,reports/logs/hyperparameter_search/full/gru/trial_012,reports/logs/hyperparameter_search/full/gru/trial_012/trial_config.yaml,reports/logs/hyperparameter_search/full/gru/trial_012/metrics.json,,,,0.1,1.0,192,0.0007372844374963545,,2,,0.0001,
gru,13,COMPLETE,validation,token_accuracy,0.0,maximize,63.51739268000529,reports/logs/hyperparameter_search/full/gru/trial_013,reports/logs/hyperparameter_search/full/gru/trial_013/trial_config.yaml,reports/logs/hyperparameter_search/full/gru/trial_013/metrics.json,,,,0.0,2.0,64,0.0021048121518741215,,1,,0.0001,
gru,14,COMPLETE,validation,token_accuracy,0.0,maximize,129.83333419798873,reports/logs/hyperparameter_search/full/gru/trial_014,reports/logs/hyperparameter_search/full/gru/trial_014/trial_config.yaml,reports/logs/hyperparameter_search/full/gru/trial_014/metrics.json,,,,0.3,1.0,96,0.00015806242244179483,,3,,1e-05,
gru,15,COMPLETE,validation,token_accuracy,0.0,maximize,120.70894869900076,reports/logs/hyperparameter_search/full/gru/trial_015,reports/logs/hyperparameter_search/full/gru/trial_015/trial_config.yaml,reports/logs/hyperparameter_search/full/gru/trial_015/metrics.json,,,,0.0,2.0,128,0.0002379530342136231,,2,,0.001,
gru,16,COMPLETE,validation,token_accuracy,0.0,maximize,63.30220050399657,reports/logs/hyperparameter_search/full/gru/trial_016,reports/logs/hyperparameter_search/full/gru/trial_016/trial_config.yaml,reports/logs/hyperparameter_search/full/gru/trial_016/metrics.json,,,,0.0,5.0,64,0.0003481079531864596,,1,,1e-05,
gru,17,COMPLETE,validation,token_accuracy,0.0,maximize,87.16569190699374,reports/logs/hyperparameter_search/full/gru/trial_017,reports/logs/hyperparameter_search/full/gru/trial_017/trial_config.yaml,reports/logs/hyperparameter_search/full/gru/trial_017/metrics.json,,,,0.2,1.0,96,0.0008250149046105294,,2,,0.0001,
gru,18,COMPLETE,validation,token_accuracy,0.0,maximize,93.41497755800083,reports/logs/hyperparameter_search/full/gru/trial_018,reports/logs/hyperparameter_search/full/gru/trial_018/trial_config.yaml,reports/logs/hyperparameter_search/full/gru/trial_018/metrics.json,,,,0.0,2.0,128,0.0008972235849187504,,2,,0.001,
gru,19,COMPLETE,validation,token_accuracy,0.0,maximize,254.51017890100775,reports/logs/hyperparameter_search/full/gru/trial_019,reports/logs/hyperparameter_search/full/gru/trial_019/trial_config.yaml,reports/logs/hyperparameter_search/full/gru/trial_019/metrics.json,,,,0.1,5.0,192,0.00014331242257602597,,3,,1e-06,
gru_uniform,0,COMPLETE,validation,token_accuracy,0.0,maximize,78.73783372799517,reports/logs/hyperparameter_search/full/gru_uniform/trial_000,reports/logs/hyperparameter_search/full/gru_uniform/trial_000/trial_config.yaml,reports/logs/hyperparameter_search/full/gru_uniform/trial_000/metrics.json,,,,0.0,1.0,192,0.00020406528293781276,,1,,0.0001,
gru_uniform,1,COMPLETE,validation,token_accuracy,0.0,maximize,79.4814425020013,reports/logs/hyperparameter_search/full/gru_uniform/trial_001,reports/logs/hyperparameter_search/full/gru_uniform/trial_001/trial_config.yaml,reports/logs/hyperparameter_search/full/gru_uniform/trial_001/metrics.json,,,,0.0,1.0,192,0.0002993698670305399,,1,,0.0001,
gru_uniform,2,COMPLETE,validation,token_accuracy,0.020833333333333332,maximize,73.26884042499296,reports/logs/hyperparameter_search/full/gru_uniform/trial_002,reports/logs/hyperparameter_search/full/gru_uniform/trial_002/trial_config.yaml,reports/logs/hyperparameter_search/full/gru_uniform/trial_002/metrics.json,,,,0.0,2.0,96,0.00024606785994528034,,1,,1e-06,
gru_uniform,3,COMPLETE,validation,token_accuracy,0.0,maximize,71.95598982500087,reports/logs/hyperparameter_search/full/gru_uniform/trial_003,reports/logs/hyperparameter_search/full/gru_uniform/trial_003/trial_config.yaml,reports/logs/hyperparameter_search/full/gru_uniform/trial_003/metrics.json,,,,0.0,2.0,96,0.0007652577600854032,,1,,0.0001,
gru_uniform,4,COMPLETE,validation,token_accuracy,0.0,maximize,99.27045125800942,reports/logs/hyperparameter_search/full/gru_uniform/trial_004,reports/logs/hyperparameter_search/full/gru_uniform/trial_004/trial_config.yaml,reports/logs/hyperparameter_search/full/gru_uniform/trial_004/metrics.json,,,,0.0,2.0,64,0.001745154702016192,,1,,0.001,
gru_uniform,5,COMPLETE,validation,token_accuracy,0.0,maximize,108.5617814319994,reports/logs/hyperparameter_search/full/gru_uniform/trial_005,reports/logs/hyperparameter_search/full/gru_uniform/trial_005/trial_config.yaml,reports/logs/hyperparameter_search/full/gru_uniform/trial_005/metrics.json,,,,0.0,1.0,64,0.001458613318433269,,1,,1e-06,
gru_uniform,6,COMPLETE,validation,token_accuracy,0.041666666666666664,maximize,108.71448272000998,reports/logs/hyperparameter_search/full/gru_uniform/trial_006,reports/logs/hyperparameter_search/full/gru_uniform/trial_006/trial_config.yaml,reports/logs/hyperparameter_search/full/gru_uniform/trial_006/metrics.json,,,,0.0,2.0,96,0.0015982322979793216,,1,,1e-06,
gru_uniform,7,COMPLETE,validation,token_accuracy,0.0,maximize,125.37610464700265,reports/logs/hyperparameter_search/full/gru_uniform/trial_007,reports/logs/hyperparameter_search/full/gru_uniform/trial_007/trial_config.yaml,reports/logs/hyperparameter_search/full/gru_uniform/trial_007/metrics.json,,,,0.0,5.0,192,0.0024214036599530344,,1,,1e-06,
gru_uniform,8,COMPLETE,validation,token_accuracy,0.0,maximize,116.3480187660025,reports/logs/hyperparameter_search/full/gru_uniform/trial_008,reports/logs/hyperparameter_search/full/gru_uniform/trial_008/trial_config.yaml,reports/logs/hyperparameter_search/full/gru_uniform/trial_008/metrics.json,,,,0.0,0.5,128,0.0012718041050137686,,1,,1e-05,
gru_uniform,9,COMPLETE,validation,token_accuracy,0.0,maximize,113.06685099500464,reports/logs/hyperparameter_search/full/gru_uniform/trial_009,reports/logs/hyperparameter_search/full/gru_uniform/trial_009/trial_config.yaml,reports/logs/hyperparameter_search/full/gru_uniform/trial_009/metrics.json,,,,0.0,0.5,128,0.0011035945028927826,,1,,0.0001,
gru_uniform,10,COMPLETE,validation,token_accuracy,0.0,maximize,108.65719889001048,reports/logs/hyperparameter_search/full/gru_uniform/trial_010,reports/logs/hyperparameter_search/full/gru_uniform/trial_010/trial_config.yaml,reports/logs/hyperparameter_search/full/gru_uniform/trial_010/metrics.json,,,,0.0,5.0,64,0.0010502419273018236,,1,,1e-06,
gru_uniform,11,COMPLETE,validation,token_accuracy,0.020833333333333332,maximize,109.85529925700394,reports/logs/hyperparameter_search/full/gru_uniform/trial_011,reports/logs/hyperparameter_search/full/gru_uniform/trial_011/trial_config.yaml,reports/logs/hyperparameter_search/full/gru_uniform/trial_011/metrics.json,,,,0.0,2.0,128,0.0006822840440358386,,1,,0.0001,
gru_uniform,12,COMPLETE,validation,token_accuracy,0.020833333333333332,maximize,112.04414336600166,reports/logs/hyperparameter_search/full/gru_uniform/trial_012,reports/logs/hyperparameter_search/full/gru_uniform/trial_012/trial_config.yaml,reports/logs/hyperparameter_search/full/gru_uniform/trial_012/metrics.json,,,,0.0,0.5,192,0.00014907003309786422,,1,,0.0001,
gru_uniform,13,COMPLETE,validation,token_accuracy,0.0,maximize,227.5129285280127,reports/logs/hyperparameter_search/full/gru_uniform/trial_013,reports/logs/hyperparameter_search/full/gru_uniform/trial_013/trial_config.yaml,reports/logs/hyperparameter_search/full/gru_uniform/trial_013/metrics.json,,,,0.0,5.0,64,0.00012705169361907986,,1,,0.0001,
gru_uniform,14,COMPLETE,validation,token_accuracy,0.0,maximize,163.71816046799358,reports/logs/hyperparameter_search/full/gru_uniform/trial_014,reports/logs/hyperparameter_search/full/gru_uniform/trial_014/trial_config.yaml,reports/logs/hyperparameter_search/full/gru_uniform/trial_014/metrics.json,,,,0.0,2.0,128,0.001774788539833076,,1,,0.001,
gru_uniform,15,COMPLETE,validation,token_accuracy,0.0,maximize,158.61614405400178,reports/logs/hyperparameter_search/full/gru_uniform/trial_015,reports/logs/hyperparameter_search/full/gru_uniform/trial_015/trial_config.yaml,reports/logs/hyperparameter_search/full/gru_uniform/trial_015/metrics.json,,,,0.0,5.0,96,0.0011492805788881491,,1,,0.0001,
gru_uniform,16,COMPLETE,validation,token_accuracy,0.0,maximize,151.97424243899877,reports/logs/hyperparameter_search/full/gru_uniform/trial_016,reports/logs/hyperparameter_search/full/gru_uniform/trial_016/trial_config.yaml,reports/logs/hyperparameter_search/full/gru_uniform/trial_016/metrics.json,,,,0.0,2.0,64,0.0005552284659880303,,1,,1e-05,
gru_uniform,17,COMPLETE,validation,token_accuracy,0.020833333333333332,maximize,152.93066178099252,reports/logs/hyperparameter_search/full/gru_uniform/trial_017,reports/logs/hyperparameter_search/full/gru_uniform/trial_017/trial_config.yaml,reports/logs/hyperparameter_search/full/gru_uniform/trial_017/metrics.json,,,,0.0,2.0,64,0.0006207982899868329,,1,,1e-06,
gru_uniform,18,COMPLETE,validation,token_accuracy,0.0,maximize,162.57931166100025,reports/logs/hyperparameter_search/full/gru_uniform/trial_018,reports/logs/hyperparameter_search/full/gru_uniform/trial_018/trial_config.yaml,reports/logs/hyperparameter_search/full/gru_uniform/trial_018/metrics.json,,,,0.0,2.0,128,0.0003529419720701864,,1,,0.001,
gru_uniform,19,COMPLETE,validation,token_accuracy,0.0,maximize,159.0021759730007,reports/logs/hyperparameter_search/full/gru_uniform/trial_019,reports/logs/hyperparameter_search/full/gru_uniform/trial_019/trial_config.yaml,reports/logs/hyperparameter_search/full/gru_uniform/trial_019/metrics.json,,,,0.0,0.5,128,0.001778888114128411,,1,,1e-06,
gru_reservoir,0,COMPLETE,validation,token_accuracy,0.0,maximize,197.74153437599307,reports/logs/hyperparameter_search/full/gru_reservoir/trial_000,reports/logs/hyperparameter_search/full/gru_reservoir/trial_000/trial_config.yaml,reports/logs/hyperparameter_search/full/gru_reservoir/trial_000/metrics.json,,,,0.0,1.0,96,0.0004056166401079897,,1,,1e-06,
gru_reservoir,1,COMPLETE,validation,token_accuracy,0.0,maximize,200.957884945994,reports/logs/hyperparameter_search/full/gru_reservoir/trial_001,reports/logs/hyperparameter_search/full/gru_reservoir/trial_001/trial_config.yaml,reports/logs/hyperparameter_search/full/gru_reservoir/trial_001/metrics.json,,,,0.0,1.0,64,0.00010726423958952612,,1,,0.0,
gru_reservoir,2,COMPLETE,validation,token_accuracy,0.020833333333333332,maximize,155.69286571200064,reports/logs/hyperparameter_search/full/gru_reservoir/trial_002,reports/logs/hyperparameter_search/full/gru_reservoir/trial_002/trial_config.yaml,reports/logs/hyperparameter_search/full/gru_reservoir/trial_002/metrics.json,,,,0.0,2.0,128,0.0002794581932236564,,1,,0.001,
gru_reservoir,3,COMPLETE,validation,token_accuracy,0.020833333333333332,maximize,182.6367446979857,reports/logs/hyperparameter_search/full/gru_reservoir/trial_003,reports/logs/hyperparameter_search/full/gru_reservoir/trial_003/trial_config.yaml,reports/logs/hyperparameter_search/full/gru_reservoir/trial_003/metrics.json,,,,0.0,5.0,192,0.0001893781233668699,,1,,0.0001,
gru_reservoir,4,COMPLETE,validation,token_accuracy,0.020833333333333332,maximize,173.19207127099799,reports/logs/hyperparameter_search/full/gru_reservoir/trial_004,reports/logs/hyperparameter_search/full/gru_reservoir/trial_004/trial_config.yaml,reports/logs/hyperparameter_search/full/gru_reservoir/trial_004/metrics.json,,,,0.0,0.5,64,0.001485285753956233,,1,,1e-05,
gru_reservoir,5,COMPLETE,validation,token_accuracy,0.0,maximize,283.16444339101145,reports/logs/hyperparameter_search/full/gru_reservoir/trial_005,reports/logs/hyperparameter_search/full/gru_reservoir/trial_005/trial_config.yaml,reports/logs/hyperparameter_search/full/gru_reservoir/trial_005/metrics.json,,,,0.0,2.0,96,0.0003362328167211604,,1,,1e-06,
gru_reservoir,6,COMPLETE,validation,token_accuracy,0.0,maximize,332.4278449160047,reports/logs/hyperparameter_search/full/gru_reservoir/trial_006,reports/logs/hyperparameter_search/full/gru_reservoir/trial_006/trial_config.yaml,reports/logs/hyperparameter_search/full/gru_reservoir/trial_006/metrics.json,,,,0.0,0.5,192,0.0001898087879285567,,1,,1e-06,
gru_reservoir,7,COMPLETE,validation,token_accuracy,0.0,maximize,310.4208580550039,reports/logs/hyperparameter_search/full/gru_reservoir/trial_007,reports/logs/hyperparameter_search/full/gru_reservoir/trial_007/trial_config.yaml,reports/logs/hyperparameter_search/full/gru_reservoir/trial_007/metrics.json,,,,0.0,0.5,128,0.0008689365030938454,,1,,0.001,
gru_reservoir,8,COMPLETE,validation,token_accuracy,0.0,maximize,191.14262265899742,reports/logs/hyperparameter_search/full/gru_reservoir/trial_008,reports/logs/hyperparameter_search/full/gru_reservoir/trial_008/trial_config.yaml,reports/logs/hyperparameter_search/full/gru_reservoir/trial_008/metrics.json,,,,0.0,5.0,192,0.00032946730512997896,,1,,0.0,
gru_reservoir,9,COMPLETE,validation,token_accuracy,0.0,maximize,135.99050743000407,reports/logs/hyperparameter_search/full/gru_reservoir/trial_009,reports/logs/hyperparameter_search/full/gru_reservoir/trial_009/trial_config.yaml,reports/logs/hyperparameter_search/full/gru_reservoir/trial_009/metrics.json,,,,0.0,5.0,64,0.0020067644857410696,,1,,1e-05,
gru_reservoir,10,COMPLETE,validation,token_accuracy,0.0,maximize,154.93466521998926,reports/logs/hyperparameter_search/full/gru_reservoir/trial_010,reports/logs/hyperparameter_search/full/gru_reservoir/trial_010/trial_config.yaml,reports/logs/hyperparameter_search/full/gru_reservoir/trial_010/metrics.json,,,,0.0,5.0,192,0.0007026777351748039,,1,,1e-05,
gru_reservoir,11,COMPLETE,validation,token_accuracy,0.020833333333333332,maximize,142.3542632280005,reports/logs/hyperparameter_search/full/gru_reservoir/trial_011,reports/logs/hyperparameter_search/full/gru_reservoir/trial_011/trial_config.yaml,reports/logs/hyperparameter_search/full/gru_reservoir/trial_011/metrics.json,,,,0.0,2.0,96,0.00014246126673547133,,1,,0.0,
gru_reservoir,12,COMPLETE,validation,token_accuracy,0.020833333333333332,maximize,144.90160879999166,reports/logs/hyperparameter_search/full/gru_reservoir/trial_012,reports/logs/hyperparameter_search/full/gru_reservoir/trial_012/trial_config.yaml,reports/logs/hyperparameter_search/full/gru_reservoir/trial_012/metrics.json,,,,0.0,1.0,128,0.00019485827728149384,,1,,0.0001,
gru_reservoir,13,COMPLETE,validation,token_accuracy,0.0,maximize,135.04965265300416,reports/logs/hyperparameter_search/full/gru_reservoir/trial_013,reports/logs/hyperparameter_search/full/gru_reservoir/trial_013/trial_config.yaml,reports/logs/hyperparameter_search/full/gru_reservoir/trial_013/metrics.json,,,,0.0,2.0,64,0.0025667482854710823,,1,,0.0,
gru_reservoir,14,COMPLETE,validation,token_accuracy,0.0,maximize,158.82825282799604,reports/logs/hyperparameter_search/full/gru_reservoir/trial_014,reports/logs/hyperparameter_search/full/gru_reservoir/trial_014/trial_config.yaml,reports/logs/hyperparameter_search/full/gru_reservoir/trial_014/metrics.json,,,,0.0,2.0,192,0.00022162885624419078,,1,,0.0,
gru_reservoir,15,COMPLETE,validation,token_accuracy,0.0,maximize,135.8998946940119,reports/logs/hyperparameter_search/full/gru_reservoir/trial_015,reports/logs/hyperparameter_search/full/gru_reservoir/trial_015/trial_config.yaml,reports/logs/hyperparameter_search/full/gru_reservoir/trial_015/metrics.json,,,,0.0,5.0,64,0.0003650322645784028,,1,,0.0,
gru_reservoir,16,COMPLETE,validation,token_accuracy,0.020833333333333332,maximize,169.96929584100144,reports/logs/hyperparameter_search/full/gru_reservoir/trial_016,reports/logs/hyperparameter_search/full/gru_reservoir/trial_016/trial_config.yaml,reports/logs/hyperparameter_search/full/gru_reservoir/trial_016/metrics.json,,,,0.0,1.0,192,0.0005289292972364548,,1,,0.0001,
gru_reservoir,17,COMPLETE,validation,token_accuracy,0.0,maximize,274.31906981499924,reports/logs/hyperparameter_search/full/gru_reservoir/trial_017,reports/logs/hyperparameter_search/full/gru_reservoir/trial_017/trial_config.yaml,reports/logs/hyperparameter_search/full/gru_reservoir/trial_017/metrics.json,,,,0.0,2.0,192,0.0005825759569418936,,1,,1e-06,
gru_reservoir,18,COMPLETE,validation,token_accuracy,0.0,maximize,302.5227907200024,reports/logs/hyperparameter_search/full/gru_reservoir/trial_018,reports/logs/hyperparameter_search/full/gru_reservoir/trial_018/trial_config.yaml,reports/logs/hyperparameter_search/full/gru_reservoir/trial_018/metrics.json,,,,0.0,2.0,96,0.0003707369415050254,,1,,1e-06,
gru_reservoir,19,COMPLETE,validation,token_accuracy,0.0,maximize,244.69621947700216,reports/logs/hyperparameter_search/full/gru_reservoir/trial_019,reports/logs/hyperparameter_search/full/gru_reservoir/trial_019/trial_config.yaml,reports/logs/hyperparameter_search/full/gru_reservoir/trial_019/metrics.json,,,,0.0,2.0,96,0.001077998597779106,,1,,1e-05,
memory_caching,0,COMPLETE,validation,primary_metric_value,0.0,maximize,93.33619537999039,reports/logs/hyperparameter_search/full/memory_caching/trial_000,reports/logs/hyperparameter_search/full/memory_caching/trial_000/trial_config.yaml,reports/logs/hyperparameter_search/full/memory_caching/trial_000/metrics.json,,,,0.0,0.5,128,0.00016450666655258122,,3,,0.0001,
memory_caching,1,COMPLETE,validation,primary_metric_value,0.0,maximize,91.5244107650069,reports/logs/hyperparameter_search/full/memory_caching/trial_001,reports/logs/hyperparameter_search/full/memory_caching/trial_001/trial_config.yaml,reports/logs/hyperparameter_search/full/memory_caching/trial_001/metrics.json,,,,0.2,0.5,192,0.0016012557871903925,,2,,0.0001,
memory_caching,2,COMPLETE,validation,primary_metric_value,0.0,maximize,86.0021751489985,reports/logs/hyperparameter_search/full/memory_caching/trial_002,reports/logs/hyperparameter_search/full/memory_caching/trial_002/trial_config.yaml,reports/logs/hyperparameter_search/full/memory_caching/trial_002/metrics.json,,,,0.0,1.0,192,0.00010682991803966912,,2,,1e-06,
memory_caching,3,COMPLETE,validation,primary_metric_value,0.0,maximize,79.5980994959973,reports/logs/hyperparameter_search/full/memory_caching/trial_003,reports/logs/hyperparameter_search/full/memory_caching/trial_003/trial_config.yaml,reports/logs/hyperparameter_search/full/memory_caching/trial_003/metrics.json,,,,0.2,2.0,128,0.0003642248343739599,,2,,1e-06,
memory_caching,4,COMPLETE,validation,primary_metric_value,0.0,maximize,108.03947853199497,reports/logs/hyperparameter_search/full/memory_caching/trial_004,reports/logs/hyperparameter_search/full/memory_caching/trial_004/trial_config.yaml,reports/logs/hyperparameter_search/full/memory_caching/trial_004/metrics.json,,,,0.1,5.0,192,0.0011702609441711096,,3,,1e-05,
memory_caching,5,COMPLETE,validation,primary_metric_value,0.0,maximize,85.22965543200553,reports/logs/hyperparameter_search/full/memory_caching/trial_005,reports/logs/hyperparameter_search/full/memory_caching/trial_005/trial_config.yaml,reports/logs/hyperparameter_search/full/memory_caching/trial_005/metrics.json,,,,0.1,5.0,96,0.0005723788452510382,,3,,0.0001,
memory_caching,6,COMPLETE,validation,primary_metric_value,0.0,maximize,94.05092172199511,reports/logs/hyperparameter_search/full/memory_caching/trial_006,reports/logs/hyperparameter_search/full/memory_caching/trial_006/trial_config.yaml,reports/logs/hyperparameter_search/full/memory_caching/trial_006/metrics.json,,,,0.2,5.0,192,0.0012823723910541614,,2,,0.001,
memory_caching,7,COMPLETE,validation,primary_metric_value,0.0,maximize,87.75643064599717,reports/logs/hyperparameter_search/full/memory_caching/trial_007,reports/logs/hyperparameter_search/full/memory_caching/trial_007/trial_config.yaml,reports/logs/hyperparameter_search/full/memory_caching/trial_007/metrics.json,,,,0.1,2.0,192,0.0003211938751729742,,2,,1e-05,
memory_caching,8,COMPLETE,validation,primary_metric_value,0.0,maximize,65.41733869300515,reports/logs/hyperparameter_search/full/memory_caching/trial_008,reports/logs/hyperparameter_search/full/memory_caching/trial_008/trial_config.yaml,reports/logs/hyperparameter_search/full/memory_caching/trial_008/metrics.json,,,,0.0,0.5,64,0.0004318360316687248,,1,,1e-05,
memory_caching,9,COMPLETE,validation,primary_metric_value,0.0,maximize,105.51675312200678,reports/logs/hyperparameter_search/full/memory_caching/trial_009,reports/logs/hyperparameter_search/full/memory_caching/trial_009/trial_config.yaml,reports/logs/hyperparameter_search/full/memory_caching/trial_009/metrics.json,,,,0.3,0.5,192,0.0001295364783326821,,3,,0.0001,
memory_caching,10,COMPLETE,validation,primary_metric_value,0.0,maximize,83.20096704400203,reports/logs/hyperparameter_search/full/memory_caching/trial_010,reports/logs/hyperparameter_search/full/memory_caching/trial_010/trial_config.yaml,reports/logs/hyperparameter_search/full/memory_caching/trial_010/metrics.json,,,,0.1,1.0,64,0.001180540705358027,,3,,1e-06,
memory_caching,11,COMPLETE,validation,primary_metric_value,0.0,maximize,89.15058872901136,reports/logs/hyperparameter_search/full/memory_caching/trial_011,reports/logs/hyperparameter_search/full/memory_caching/trial_011/trial_config.yaml,reports/logs/hyperparameter_search/full/memory_caching/trial_011/metrics.json,,,,0.3,2.0,192,0.0017589641885770236,,2,,1e-06,
memory_caching,12,COMPLETE,validation,primary_metric_value,0.0,maximize,94.57096057198942,reports/logs/hyperparameter_search/full/memory_caching/trial_012,reports/logs/hyperparameter_search/full/memory_caching/trial_012/trial_config.yaml,reports/logs/hyperparameter_search/full/memory_caching/trial_012/metrics.json,,,,0.1,5.0,128,0.0007466267490482984,,3,,1e-06,
memory_caching,13,COMPLETE,validation,primary_metric_value,0.0,maximize,68.86235690298781,reports/logs/hyperparameter_search/full/memory_caching/trial_013,reports/logs/hyperparameter_search/full/memory_caching/trial_013/trial_config.yaml,reports/logs/hyperparameter_search/full/memory_caching/trial_013/metrics.json,,,,0.0,5.0,96,0.002400581414579513,,1,,1e-05,
memory_caching,14,COMPLETE,validation,primary_metric_value,0.0,maximize,64.33804603799945,reports/logs/hyperparameter_search/full/memory_caching/trial_014,reports/logs/hyperparameter_search/full/memory_caching/trial_014/trial_config.yaml,reports/logs/hyperparameter_search/full/memory_caching/trial_014/metrics.json,,,,0.0,1.0,64,0.00015416680405564145,,1,,1e-06,
memory_caching,15,COMPLETE,validation,primary_metric_value,0.0,maximize,90.03678611300711,reports/logs/hyperparameter_search/full/memory_caching/trial_015,reports/logs/hyperparameter_search/full/memory_caching/trial_015/trial_config.yaml,reports/logs/hyperparameter_search/full/memory_caching/trial_015/metrics.json,,,,0.3,5.0,192,0.0003882212868933652,,2,,0.0,
memory_caching,16,COMPLETE,validation,primary_metric_value,0.0,maximize,88.93496135900205,reports/logs/hyperparameter_search/full/memory_caching/trial_016,reports/logs/hyperparameter_search/full/memory_caching/trial_016/trial_config.yaml,reports/logs/hyperparameter_search/full/memory_caching/trial_016/metrics.json,,,,0.3,0.5,192,0.0006765561271627445,,2,,1e-06,
memory_caching,17,COMPLETE,validation,primary_metric_value,0.0,maximize,129.97096485800284,reports/logs/hyperparameter_search/full/memory_caching/trial_017,reports/logs/hyperparameter_search/full/memory_caching/trial_017/trial_config.yaml,reports/logs/hyperparameter_search/full/memory_caching/trial_017/metrics.json,,,,0.1,1.0,192,0.000782772838526189,,3,,0.0001,
memory_caching,18,COMPLETE,validation,primary_metric_value,0.0,maximize,113.58347452500311,reports/logs/hyperparameter_search/full/memory_caching/trial_018,reports/logs/hyperparameter_search/full/memory_caching/trial_018/trial_config.yaml,reports/logs/hyperparameter_search/full/memory_caching/trial_018/metrics.json,,,,0.0,1.0,192,0.00032107855074342177,,2,,0.0,
memory_caching,19,COMPLETE,validation,primary_metric_value,0.0,maximize,121.47583846299676,reports/logs/hyperparameter_search/full/memory_caching/trial_019,reports/logs/hyperparameter_search/full/memory_caching/trial_019/trial_config.yaml,reports/logs/hyperparameter_search/full/memory_caching/trial_019/metrics.json,,,,0.0,5.0,128,0.001597647516606427,,3,,0.001,
budgetmem_r,0,COMPLETE,validation,token_accuracy,0.0,maximize,487.13147478099563,reports/logs/hyperparameter_search/full/budgetmem_r/trial_000,reports/logs/hyperparameter_search/full/budgetmem_r/trial_000/trial_config.yaml,reports/logs/hyperparameter_search/full/budgetmem_r/trial_000/metrics.json,,0.01,10.0,0.0,5.0,96,0.0004043519120766539,1.0,1,8,0.0,0.6
budgetmem_r,1,COMPLETE,validation,token_accuracy,0.0,maximize,415.75109891800093,reports/logs/hyperparameter_search/full/budgetmem_r/trial_001,reports/logs/hyperparameter_search/full/budgetmem_r/trial_001/trial_config.yaml,reports/logs/hyperparameter_search/full/budgetmem_r/trial_001/metrics.json,,0.1,20.0,0.0,1.0,192,0.002460908799815606,1.25,1,1,0.0001,0.5
budgetmem_r,2,COMPLETE,validation,token_accuracy,0.0,maximize,543.567272018001,reports/logs/hyperparameter_search/full/budgetmem_r/trial_002,reports/logs/hyperparameter_search/full/budgetmem_r/trial_002/trial_config.yaml,reports/logs/hyperparameter_search/full/budgetmem_r/trial_002/metrics.json,,0.05,10.0,0.0,1.0,192,0.0028454581044579795,0.5,1,8,0.0,0.4
budgetmem_r,3,COMPLETE,validation,token_accuracy,0.0,maximize,420.5518359109992,reports/logs/hyperparameter_search/full/budgetmem_r/trial_003,reports/logs/hyperparameter_search/full/budgetmem_r/trial_003/trial_config.yaml,reports/logs/hyperparameter_search/full/budgetmem_r/trial_003/metrics.json,,0.01,1.0,0.0,0.5,64,0.0006321142894476639,0.67,1,4,0.0001,0.5
budgetmem_r,4,COMPLETE,validation,token_accuracy,0.0,maximize,482.0159353920026,reports/logs/hyperparameter_search/full/budgetmem_r/trial_004,reports/logs/hyperparameter_search/full/budgetmem_r/trial_004/trial_config.yaml,reports/logs/hyperparameter_search/full/budgetmem_r/trial_004/metrics.json,,0.0,10.0,0.0,1.0,192,0.00023104797589276255,0.5,1,4,1e-06,0.3
budgetmem_r,5,COMPLETE,validation,token_accuracy,0.0,maximize,331.42559221500414,reports/logs/hyperparameter_search/full/budgetmem_r/trial_005,reports/logs/hyperparameter_search/full/budgetmem_r/trial_005/trial_config.yaml,reports/logs/hyperparameter_search/full/budgetmem_r/trial_005/metrics.json,,0.05,1.0,0.0,0.5,192,0.0003104724128982754,0.5,1,1,1e-05,0.7
budgetmem_r,6,COMPLETE,validation,token_accuracy,0.020833333333333332,maximize,465.4284347619978,reports/logs/hyperparameter_search/full/budgetmem_r/trial_006,reports/logs/hyperparameter_search/full/budgetmem_r/trial_006/trial_config.yaml,reports/logs/hyperparameter_search/full/budgetmem_r/trial_006/metrics.json,,0.1,5.0,0.0,0.5,128,0.0006342705326896637,1.0,1,8,0.0001,0.6
budgetmem_r,7,COMPLETE,validation,token_accuracy,0.0,maximize,279.9896642380045,reports/logs/hyperparameter_search/full/budgetmem_r/trial_007,reports/logs/hyperparameter_search/full/budgetmem_r/trial_007/trial_config.yaml,reports/logs/hyperparameter_search/full/budgetmem_r/trial_007/metrics.json,,0.1,5.0,0.0,2.0,128,0.00013303966855783835,0.85,1,8,1e-05,0.7
budgetmem_r,8,COMPLETE,validation,token_accuracy,0.020833333333333332,maximize,355.16371564599103,reports/logs/hyperparameter_search/full/budgetmem_r/trial_008,reports/logs/hyperparameter_search/full/budgetmem_r/trial_008/trial_config.yaml,reports/logs/hyperparameter_search/full/budgetmem_r/trial_008/metrics.json,,0.01,10.0,0.0,0.5,96,0.00024069349298021605,0.85,1,1,0.0001,0.5
budgetmem_r,9,COMPLETE,validation,token_accuracy,0.0,maximize,370.02694679799606,reports/logs/hyperparameter_search/full/budgetmem_r/trial_009,reports/logs/hyperparameter_search/full/budgetmem_r/trial_009/trial_config.yaml,reports/logs/hyperparameter_search/full/budgetmem_r/trial_009/metrics.json,,0.1,10.0,0.0,0.5,128,0.002333568855534495,0.85,1,1,0.0,0.6
budgetmem_r,10,COMPLETE,validation,token_accuracy,0.0,maximize,430.6306713170052,reports/logs/hyperparameter_search/full/budgetmem_r/trial_010,reports/logs/hyperparameter_search/full/budgetmem_r/trial_010/trial_config.yaml,reports/logs/hyperparameter_search/full/budgetmem_r/trial_010/metrics.json,,0.1,20.0,0.0,2.0,128,0.000551329621845497,0.5,1,8,0.0,0.7
budgetmem_r,11,COMPLETE,validation,token_accuracy,0.0,maximize,461.12930557099753,reports/logs/hyperparameter_search/full/budgetmem_r/trial_011,reports/logs/hyperparameter_search/full/budgetmem_r/trial_011/trial_config.yaml,reports/logs/hyperparameter_search/full/budgetmem_r/trial_011/metrics.json,,0.05,5.0,0.0,2.0,64,0.0010844374804926072,1.0,1,8,1e-06,0.3
budgetmem_r,12,COMPLETE,validation,token_accuracy,0.0,maximize,393.2273132720002,reports/logs/hyperparameter_search/full/budgetmem_r/trial_012,reports/logs/hyperparameter_search/full/budgetmem_r/trial_012/trial_config.yaml,reports/logs/hyperparameter_search/full/budgetmem_r/trial_012/metrics.json,,0.0,10.0,0.0,0.5,128,0.0009724640207088679,0.67,1,4,0.0001,0.7
budgetmem_r,13,COMPLETE,validation,token_accuracy,0.0,maximize,353.79956560299615,reports/logs/hyperparameter_search/full/budgetmem_r/trial_013,reports/logs/hyperparameter_search/full/budgetmem_r/trial_013/trial_config.yaml,reports/logs/hyperparameter_search/full/budgetmem_r/trial_013/metrics.json,,0.0,20.0,0.0,1.0,192,0.0004203782282140726,1.25,1,1,0.001,0.6
budgetmem_r,14,COMPLETE,validation,token_accuracy,0.0,maximize,305.190600041009,reports/logs/hyperparameter_search/full/budgetmem_r/trial_014,reports/logs/hyperparameter_search/full/budgetmem_r/trial_014/trial_config.yaml,reports/logs/hyperparameter_search/full/budgetmem_r/trial_014/metrics.json,,0.0,1.0,0.0,1.0,128,0.00035619949924914693,0.67,1,1,1e-05,0.7
budgetmem_r,15,COMPLETE,validation,token_accuracy,0.020833333333333332,maximize,254.7139998400089,reports/logs/hyperparameter_search/full/budgetmem_r/trial_015,reports/logs/hyperparameter_search/full/budgetmem_r/trial_015/trial_config.yaml,reports/logs/hyperparameter_search/full/budgetmem_r/trial_015/metrics.json,,0.1,10.0,0.0,0.5,64,0.00026233255459984537,1.25,1,4,1e-06,0.7
budgetmem_r,16,COMPLETE,validation,token_accuracy,0.0,maximize,482.9342112359882,reports/logs/hyperparameter_search/full/budgetmem_r/trial_016,reports/logs/hyperparameter_search/full/budgetmem_r/trial_016/trial_config.yaml,reports/logs/hyperparameter_search/full/budgetmem_r/trial_016/metrics.json,,0.0,1.0,0.0,2.0,192,0.00015728890540909286,1.0,1,4,1e-05,0.4
budgetmem_r,17,COMPLETE,validation,token_accuracy,0.0,maximize,463.74135298500187,reports/logs/hyperparameter_search/full/budgetmem_r/trial_017,reports/logs/hyperparameter_search/full/budgetmem_r/trial_017/trial_config.yaml,reports/logs/hyperparameter_search/full/budgetmem_r/trial_017/metrics.json,,0.01,20.0,0.0,5.0,64,0.000822704391368956,0.67,1,8,0.0001,0.6
budgetmem_r,18,COMPLETE,validation,token_accuracy,0.0,maximize,553.1435119490052,reports/logs/hyperparameter_search/full/budgetmem_r/trial_018,reports/logs/hyperparameter_search/full/budgetmem_r/trial_018/trial_config.yaml,reports/logs/hyperparameter_search/full/budgetmem_r/trial_018/metrics.json,,0.01,5.0,0.0,0.5,96,0.0016881353020014268,1.0,1,8,0.0,0.6
budgetmem_r,19,COMPLETE,validation,token_accuracy,0.0,maximize,428.3864197320072,reports/logs/hyperparameter_search/full/budgetmem_r/trial_019,reports/logs/hyperparameter_search/full/budgetmem_r/trial_019/trial_config.yaml,reports/logs/hyperparameter_search/full/budgetmem_r/trial_019/metrics.json,,0.01,20.0,0.0,0.5,128,0.001551330134334081,0.85,1,1,0.0001,0.3
lstm,0,COMPLETE,validation,primary_metric_value,0.0,maximize,101.04679984299582,reports/logs/hyperparameter_search/full/lstm/trial_000,reports/logs/hyperparameter_search/full/lstm/trial_000/trial_config.yaml,reports/logs/hyperparameter_search/full/lstm/trial_000/metrics.json,,,,0.2,2.0,192,0.0004807179297526232,,2,,1e-06,
lstm,1,COMPLETE,validation,primary_metric_value,0.0,maximize,79.75022907200037,reports/logs/hyperparameter_search/full/lstm/trial_001,reports/logs/hyperparameter_search/full/lstm/trial_001/trial_config.yaml,reports/logs/hyperparameter_search/full/lstm/trial_001/metrics.json,,,,0.2,1.0,96,0.00034616367573384006,,2,,0.0,
lstm,2,COMPLETE,validation,primary_metric_value,0.0,maximize,85.41911937700934,reports/logs/hyperparameter_search/full/lstm/trial_002,reports/logs/hyperparameter_search/full/lstm/trial_002/trial_config.yaml,reports/logs/hyperparameter_search/full/lstm/trial_002/metrics.json,,,,0.0,1.0,128,0.00043057586911156786,,1,,0.001,
lstm,3,COMPLETE,validation,primary_metric_value,0.0,maximize,110.11248576801154,reports/logs/hyperparameter_search/full/lstm/trial_003,reports/logs/hyperparameter_search/full/lstm/trial_003/trial_config.yaml,reports/logs/hyperparameter_search/full/lstm/trial_003/metrics.json,,,,0.0,1.0,192,0.00032577601425522895,,3,,0.0001,
lstm,4,COMPLETE,validation,primary_metric_value,0.0,maximize,103.03631958000187,reports/logs/hyperparameter_search/full/lstm/trial_004,reports/logs/hyperparameter_search/full/lstm/trial_004/trial_config.yaml,reports/logs/hyperparameter_search/full/lstm/trial_004/metrics.json,,,,0.2,2.0,192,0.00012007282114218001,,2,,0.001,
lstm,5,COMPLETE,validation,primary_metric_value,0.0,maximize,90.9670685309975,reports/logs/hyperparameter_search/full/lstm/trial_005,reports/logs/hyperparameter_search/full/lstm/trial_005/trial_config.yaml,reports/logs/hyperparameter_search/full/lstm/trial_005/metrics.json,,,,0.0,0.5,192,0.0019780409217850493,,1,,0.0001,
lstm,6,COMPLETE,validation,primary_metric_value,0.0,maximize,84.06309529401187,reports/logs/hyperparameter_search/full/lstm/trial_006,reports/logs/hyperparameter_search/full/lstm/trial_006/trial_config.yaml,reports/logs/hyperparameter_search/full/lstm/trial_006/metrics.json,,,,0.0,1.0,64,0.0001841918682348747,,2,,1e-05,
lstm,7,COMPLETE,validation,primary_metric_value,0.0,maximize,85.2488785799942,reports/logs/hyperparameter_search/full/lstm/trial_007,reports/logs/hyperparameter_search/full/lstm/trial_007/trial_config.yaml,reports/logs/hyperparameter_search/full/lstm/trial_007/metrics.json,,,,0.0,0.5,96,0.0029769708060052584,,1,,1e-06,
lstm,8,COMPLETE,validation,primary_metric_value,0.0,maximize,85.87122239200107,reports/logs/hyperparameter_search/full/lstm/trial_008,reports/logs/hyperparameter_search/full/lstm/trial_008/trial_config.yaml,reports/logs/hyperparameter_search/full/lstm/trial_008/metrics.json,,,,0.1,2.0,96,0.0008231063732857586,,2,,1e-05,
lstm,9,COMPLETE,validation,primary_metric_value,0.0,maximize,85.58300679600507,reports/logs/hyperparameter_search/full/lstm/trial_009,reports/logs/hyperparameter_search/full/lstm/trial_009/trial_config.yaml,reports/logs/hyperparameter_search/full/lstm/trial_009/metrics.json,,,,0.1,0.5,128,0.00024217344799744756,,2,,0.0001,
lstm,10,COMPLETE,validation,primary_metric_value,0.0,maximize,86.51335772700259,reports/logs/hyperparameter_search/full/lstm/trial_010,reports/logs/hyperparameter_search/full/lstm/trial_010/trial_config.yaml,reports/logs/hyperparameter_search/full/lstm/trial_010/metrics.json,,,,0.0,5.0,192,0.0006061276311506616,,1,,0.0,
lstm,11,COMPLETE,validation,primary_metric_value,0.0,maximize,81.45543708599871,reports/logs/hyperparameter_search/full/lstm/trial_011,reports/logs/hyperparameter_search/full/lstm/trial_011/trial_config.yaml,reports/logs/hyperparameter_search/full/lstm/trial_011/metrics.json,,,,0.0,1.0,64,0.0001385130186446132,,1,,0.0001,
lstm,12,COMPLETE,validation,primary_metric_value,0.0,maximize,76.01069919399743,reports/logs/hyperparameter_search/full/lstm/trial_012,reports/logs/hyperparameter_search/full/lstm/trial_012/trial_config.yaml,reports/logs/hyperparameter_search/full/lstm/trial_012/metrics.json,,,,0.1,2.0,64,0.0015187918491288148,,2,,0.0,
lstm,13,COMPLETE,validation,primary_metric_value,0.0,maximize,82.35879317299987,reports/logs/hyperparameter_search/full/lstm/trial_013,reports/logs/hyperparameter_search/full/lstm/trial_013/trial_config.yaml,reports/logs/hyperparameter_search/full/lstm/trial_013/metrics.json,,,,0.0,5.0,96,0.0005244314976338687,,1,,0.001,
lstm,14,COMPLETE,validation,primary_metric_value,0.0,maximize,105.4764515519928,reports/logs/hyperparameter_search/full/lstm/trial_014,reports/logs/hyperparameter_search/full/lstm/trial_014/trial_config.yaml,reports/logs/hyperparameter_search/full/lstm/trial_014/metrics.json,,,,0.1,2.0,192,0.001855404847907815,,3,,0.001,
lstm,15,COMPLETE,validation,primary_metric_value,0.0,maximize,90.24920023400045,reports/logs/hyperparameter_search/full/lstm/trial_015,reports/logs/hyperparameter_search/full/lstm/trial_015/trial_config.yaml,reports/logs/hyperparameter_search/full/lstm/trial_015/metrics.json,,,,0.0,1.0,192,0.0017005028979925681,,1,,0.0,
lstm,16,COMPLETE,validation,primary_metric_value,0.0,maximize,85.35643386900483,reports/logs/hyperparameter_search/full/lstm/trial_016,reports/logs/hyperparameter_search/full/lstm/trial_016/trial_config.yaml,reports/logs/hyperparameter_search/full/lstm/trial_016/metrics.json,,,,0.3,1.0,96,0.0002950637753397617,,3,,0.0001,
lstm,17,COMPLETE,validation,primary_metric_value,0.0,maximize,102.2450197480066,reports/logs/hyperparameter_search/full/lstm/trial_017,reports/logs/hyperparameter_search/full/lstm/trial_017/trial_config.yaml,reports/logs/hyperparameter_search/full/lstm/trial_017/metrics.json,,,,0.3,1.0,192,0.0005089042295057426,,3,,0.0,
lstm,18,COMPLETE,validation,primary_metric_value,0.0,maximize,87.73018128499098,reports/logs/hyperparameter_search/full/lstm/trial_018,reports/logs/hyperparameter_search/full/lstm/trial_018/trial_config.yaml,reports/logs/hyperparameter_search/full/lstm/trial_018/metrics.json,,,,0.0,5.0,192,0.00016613992742907412,,1,,0.0001,
lstm,19,COMPLETE,validation,primary_metric_value,0.0,maximize,81.8837728369981,reports/logs/hyperparameter_search/full/lstm/trial_019,reports/logs/hyperparameter_search/full/lstm/trial_019/trial_config.yaml,reports/logs/hyperparameter_search/full/lstm/trial_019/metrics.json,,,,0.0,2.0,96,0.00017298505299741224,,1,,1e-06,
transformer,0,COMPLETE,validation,primary_metric_value,0.0,maximize,134.32126294000773,reports/logs/hyperparameter_search/full/transformer/trial_000,reports/logs/hyperparameter_search/full/transformer/trial_000/trial_config.yaml,reports/logs/hyperparameter_search/full/transformer/trial_000/metrics.json,,,,0.2,1.0,128,0.0006731996678650078,,3,,1e-05,
transformer,1,COMPLETE,validation,primary_metric_value,0.0,maximize,81.25103254200076,reports/logs/hyperparameter_search/full/transformer/trial_001,reports/logs/hyperparameter_search/full/transformer/trial_001/trial_config.yaml,reports/logs/hyperparameter_search/full/transformer/trial_001/metrics.json,,,,0.0,1.0,64,0.0017787095408629632,,1,,0.001,
transformer,2,COMPLETE,validation,primary_metric_value,0.0,maximize,87.92490708400146,reports/logs/hyperparameter_search/full/transformer/trial_002,reports/logs/hyperparameter_search/full/transformer/trial_002/trial_config.yaml,reports/logs/hyperparameter_search/full/transformer/trial_002/metrics.json,,,,0.0,1.0,96,0.0010490589261291958,,1,,0.001,
transformer,3,COMPLETE,validation,primary_metric_value,0.0,maximize,111.44891125800496,reports/logs/hyperparameter_search/full/transformer/trial_003,reports/logs/hyperparameter_search/full/transformer/trial_003/trial_config.yaml,reports/logs/hyperparameter_search/full/transformer/trial_003/metrics.json,,,,0.3,5.0,64,0.0018407012656432133,,3,,0.0,
transformer,4,COMPLETE,validation,primary_metric_value,0.0,maximize,112.53393941700051,reports/logs/hyperparameter_search/full/transformer/trial_004,reports/logs/hyperparameter_search/full/transformer/trial_004/trial_config.yaml,reports/logs/hyperparameter_search/full/transformer/trial_004/metrics.json,,,,0.2,2.0,128,0.00016701387588334053,,2,,0.001,
transformer,5,COMPLETE,validation,primary_metric_value,0.0,maximize,83.66243086900795,reports/logs/hyperparameter_search/full/transformer/trial_005,reports/logs/hyperparameter_search/full/transformer/trial_005/trial_config.yaml,reports/logs/hyperparameter_search/full/transformer/trial_005/metrics.json,,,,0.0,5.0,64,0.0001197464724034214,,1,,1e-06,
transformer,6,COMPLETE,validation,primary_metric_value,0.0,maximize,113.07366007201199,reports/logs/hyperparameter_search/full/transformer/trial_006,reports/logs/hyperparameter_search/full/transformer/trial_006/trial_config.yaml,reports/logs/hyperparameter_search/full/transformer/trial_006/metrics.json,,,,0.1,2.0,96,0.00013956577039066898,,3,,0.0001,
transformer,7,COMPLETE,validation,primary_metric_value,0.0,maximize,95.87368761100515,reports/logs/hyperparameter_search/full/transformer/trial_007,reports/logs/hyperparameter_search/full/transformer/trial_007/trial_config.yaml,reports/logs/hyperparameter_search/full/transformer/trial_007/metrics.json,,,,0.3,0.5,64,0.00147528314422086,,2,,0.001,
transformer,8,COMPLETE,validation,primary_metric_value,0.0,maximize,110.4801550359989,reports/logs/hyperparameter_search/full/transformer/trial_008,reports/logs/hyperparameter_search/full/transformer/trial_008/trial_config.yaml,reports/logs/hyperparameter_search/full/transformer/trial_008/metrics.json,,,,0.1,5.0,96,0.0019879268009644416,,3,,0.0,
transformer,9,COMPLETE,validation,primary_metric_value,0.0,maximize,107.15962379799748,reports/logs/hyperparameter_search/full/transformer/trial_009,reports/logs/hyperparameter_search/full/transformer/trial_009/trial_config.yaml,reports/logs/hyperparameter_search/full/transformer/trial_009/metrics.json,,,,0.1,0.5,64,0.0006886952710897224,,3,,0.0001,
transformer,10,COMPLETE,validation,primary_metric_value,0.0,maximize,118.96041097700072,reports/logs/hyperparameter_search/full/transformer/trial_010,reports/logs/hyperparameter_search/full/transformer/trial_010/trial_config.yaml,reports/logs/hyperparameter_search/full/transformer/trial_010/metrics.json,,,,0.0,2.0,192,0.000842527523167461,,3,,0.0,
transformer,11,COMPLETE,validation,primary_metric_value,0.0,maximize,146.24065861200506,reports/logs/hyperparameter_search/full/transformer/trial_011,reports/logs/hyperparameter_search/full/transformer/trial_011/trial_config.yaml,reports/logs/hyperparameter_search/full/transformer/trial_011/metrics.json,,,,0.2,0.5,192,0.001158225590809834,,3,,1e-06,
transformer,12,COMPLETE,validation,primary_metric_value,0.0,maximize,109.1988480049913,reports/logs/hyperparameter_search/full/transformer/trial_012,reports/logs/hyperparameter_search/full/transformer/trial_012/trial_config.yaml,reports/logs/hyperparameter_search/full/transformer/trial_012/metrics.json,,,,0.3,5.0,64,0.001519052171184976,,3,,1e-06,
transformer,13,COMPLETE,validation,primary_metric_value,0.0,maximize,111.63963002899254,reports/logs/hyperparameter_search/full/transformer/trial_013,reports/logs/hyperparameter_search/full/transformer/trial_013/trial_config.yaml,reports/logs/hyperparameter_search/full/transformer/trial_013/metrics.json,,,,0.2,0.5,64,0.0019198644568770898,,3,,0.001,
transformer,14,COMPLETE,validation,primary_metric_value,0.0,maximize,100.39101684400521,reports/logs/hyperparameter_search/full/transformer/trial_014,reports/logs/hyperparameter_search/full/transformer/trial_014/trial_config.yaml,reports/logs/hyperparameter_search/full/transformer/trial_014/metrics.json,,,,0.2,1.0,64,0.0019977841512690423,,2,,0.0001,
transformer,15,COMPLETE,validation,primary_metric_value,0.0,maximize,95.54424114299763,reports/logs/hyperparameter_search/full/transformer/trial_015,reports/logs/hyperparameter_search/full/transformer/trial_015/trial_config.yaml,reports/logs/hyperparameter_search/full/transformer/trial_015/metrics.json,,,,0.0,1.0,128,0.0002468556284403561,,1,,1e-06,
transformer,16,COMPLETE,validation,primary_metric_value,0.0,maximize,148.78597759299737,reports/logs/hyperparameter_search/full/transformer/trial_016,reports/logs/hyperparameter_search/full/transformer/trial_016/trial_config.yaml,reports/logs/hyperparameter_search/full/transformer/trial_016/metrics.json,,,,0.3,5.0,192,0.00016825822222931507,,3,,0.0,
transformer,17,COMPLETE,validation,primary_metric_value,0.0,maximize,81.14742172999831,reports/logs/hyperparameter_search/full/transformer/trial_017,reports/logs/hyperparameter_search/full/transformer/trial_017/trial_config.yaml,reports/logs/hyperparameter_search/full/transformer/trial_017/metrics.json,,,,0.0,0.5,64,0.0005501052617839045,,1,,0.0001,
transformer,18,COMPLETE,validation,primary_metric_value,0.0,maximize,123.72858619100589,reports/logs/hyperparameter_search/full/transformer/trial_018,reports/logs/hyperparameter_search/full/transformer/trial_018/trial_config.yaml,reports/logs/hyperparameter_search/full/transformer/trial_018/metrics.json,,,,0.3,1.0,128,0.002784132016291198,,3,,0.0,
transformer,19,COMPLETE,validation,primary_metric_value,0.0,maximize,121.8710991810076,reports/logs/hyperparameter_search/full/transformer/trial_019,reports/logs/hyperparameter_search/full/transformer/trial_019/trial_config.yaml,reports/logs/hyperparameter_search/full/transformer/trial_019/metrics.json,,,,0.1,5.0,192,0.00017211650583577126,,2,,0.001,
mamba,0,COMPLETE,validation,primary_metric_value,0.0,maximize,102.06129351799609,reports/logs/hyperparameter_search/full/mamba/trial_000,reports/logs/hyperparameter_search/full/mamba/trial_000/trial_config.yaml,reports/logs/hyperparameter_search/full/mamba/trial_000/metrics.json,,,,0.0,2.0,96,0.00033394513687078786,,1,,1e-05,
mamba,1,COMPLETE,validation,primary_metric_value,0.0,maximize,103.75791155999468,reports/logs/hyperparameter_search/full/mamba/trial_001,reports/logs/hyperparameter_search/full/mamba/trial_001/trial_config.yaml,reports/logs/hyperparameter_search/full/mamba/trial_001/metrics.json,,,,0.0,2.0,64,0.00037815214058048544,,1,,0.001,
mamba,2,COMPLETE,validation,primary_metric_value,0.0,maximize,180.2124572860048,reports/logs/hyperparameter_search/full/mamba/trial_002,reports/logs/hyperparameter_search/full/mamba/trial_002/trial_config.yaml,reports/logs/hyperparameter_search/full/mamba/trial_002/metrics.json,,,,0.0,0.5,128,0.00016237461246814563,,3,,0.0001,
mamba,3,COMPLETE,validation,primary_metric_value,0.0,maximize,131.84766975599632,reports/logs/hyperparameter_search/full/mamba/trial_003,reports/logs/hyperparameter_search/full/mamba/trial_003/trial_config.yaml,reports/logs/hyperparameter_search/full/mamba/trial_003/metrics.json,,,,0.0,2.0,192,0.0015095857020475953,,1,,0.001,
mamba,4,COMPLETE,validation,primary_metric_value,0.0,maximize,150.42557355099416,reports/logs/hyperparameter_search/full/mamba/trial_004,reports/logs/hyperparameter_search/full/mamba/trial_004/trial_config.yaml,reports/logs/hyperparameter_search/full/mamba/trial_004/metrics.json,,,,0.0,2.0,128,0.0011740297642455113,,2,,1e-05,
mamba,5,COMPLETE,validation,primary_metric_value,0.0,maximize,100.40000722699915,reports/logs/hyperparameter_search/full/mamba/trial_005,reports/logs/hyperparameter_search/full/mamba/trial_005/trial_config.yaml,reports/logs/hyperparameter_search/full/mamba/trial_005/metrics.json,,,,0.0,5.0,64,0.0002489516953760825,,1,,1e-06,
mamba,6,COMPLETE,validation,primary_metric_value,0.0,maximize,181.6710759490088,reports/logs/hyperparameter_search/full/mamba/trial_006,reports/logs/hyperparameter_search/full/mamba/trial_006/trial_config.yaml,reports/logs/hyperparameter_search/full/mamba/trial_006/metrics.json,,,,0.0,5.0,192,0.00013254332465897353,,2,,0.001,
mamba,7,COMPLETE,validation,primary_metric_value,0.0,maximize,189.72598795000522,reports/logs/hyperparameter_search/full/mamba/trial_007,reports/logs/hyperparameter_search/full/mamba/trial_007/trial_config.yaml,reports/logs/hyperparameter_search/full/mamba/trial_007/metrics.json,,,,0.0,1.0,128,0.0015973786241435131,,3,,1e-05,
mamba,8,COMPLETE,validation,primary_metric_value,0.0,maximize,107.5236789319897,reports/logs/hyperparameter_search/full/mamba/trial_008,reports/logs/hyperparameter_search/full/mamba/trial_008/trial_config.yaml,reports/logs/hyperparameter_search/full/mamba/trial_008/metrics.json,,,,0.0,5.0,128,0.00012899068015838805,,1,,1e-05,
mamba,9,COMPLETE,validation,primary_metric_value,0.0,maximize,172.4979698840034,reports/logs/hyperparameter_search/full/mamba/trial_009,reports/logs/hyperparameter_search/full/mamba/trial_009/trial_config.yaml,reports/logs/hyperparameter_search/full/mamba/trial_009/metrics.json,,,,0.0,0.5,96,0.0004039473629162239,,3,,0.001,
mamba,10,COMPLETE,validation,primary_metric_value,0.0,maximize,194.63776348199463,reports/logs/hyperparameter_search/full/mamba/trial_010,reports/logs/hyperparameter_search/full/mamba/trial_010/trial_config.yaml,reports/logs/hyperparameter_search/full/mamba/trial_010/metrics.json,,,,0.0,0.5,128,0.0027456563905070537,,3,,1e-05,
mamba,11,COMPLETE,validation,primary_metric_value,0.0,maximize,120.58045592700364,reports/logs/hyperparameter_search/full/mamba/trial_011,reports/logs/hyperparameter_search/full/mamba/trial_011/trial_config.yaml,reports/logs/hyperparameter_search/full/mamba/trial_011/metrics.json,,,,0.0,0.5,192,0.002635505971406579,,1,,1e-06,
mamba,12,COMPLETE,validation,primary_metric_value,0.0,maximize,99.51052617101232,reports/logs/hyperparameter_search/full/mamba/trial_012,reports/logs/hyperparameter_search/full/mamba/trial_012/trial_config.yaml,reports/logs/hyperparameter_search/full/mamba/trial_012/metrics.json,,,,0.0,5.0,128,0.0021162138931898043,,1,,0.0,
mamba,13,COMPLETE,validation,primary_metric_value,0.0,maximize,254.39252756199858,reports/logs/hyperparameter_search/full/mamba/trial_013,reports/logs/hyperparameter_search/full/mamba/trial_013/trial_config.yaml,reports/logs/hyperparameter_search/full/mamba/trial_013/metrics.json,,,,0.0,2.0,192,0.0005328593420770261,,3,,1e-06,
mamba,14,COMPLETE,validation,primary_metric_value,0.0,maximize,104.35466811600782,reports/logs/hyperparameter_search/full/mamba/trial_014,reports/logs/hyperparameter_search/full/mamba/trial_014/trial_config.yaml,reports/logs/hyperparameter_search/full/mamba/trial_014/metrics.json,,,,0.0,1.0,64,0.002702305151999922,,2,,0.0,
mamba,15,COMPLETE,validation,primary_metric_value,0.020833333333333332,maximize,186.34088412199344,reports/logs/hyperparameter_search/full/mamba/trial_015,reports/logs/hyperparameter_search/full/mamba/trial_015/trial_config.yaml,reports/logs/hyperparameter_search/full/mamba/trial_015/metrics.json,,,,0.0,0.5,128,0.00013918446862496892,,3,,0.001,
mamba,16,COMPLETE,validation,primary_metric_value,0.0,maximize,256.7388496700005,reports/logs/hyperparameter_search/full/mamba/trial_016,reports/logs/hyperparameter_search/full/mamba/trial_016/trial_config.yaml,reports/logs/hyperparameter_search/full/mamba/trial_016/metrics.json,,,,0.0,5.0,192,0.002629974727719476,,3,,0.0,
mamba,17,COMPLETE,validation,primary_metric_value,0.0,maximize,79.60203633499623,reports/logs/hyperparameter_search/full/mamba/trial_017,reports/logs/hyperparameter_search/full/mamba/trial_017/trial_config.yaml,reports/logs/hyperparameter_search/full/mamba/trial_017/metrics.json,,,,0.0,5.0,64,0.0012132333184219145,,1,,0.0001,
mamba,18,COMPLETE,validation,primary_metric_value,0.0,maximize,87.51304577899282,reports/logs/hyperparameter_search/full/mamba/trial_018,reports/logs/hyperparameter_search/full/mamba/trial_018/trial_config.yaml,reports/logs/hyperparameter_search/full/mamba/trial_018/metrics.json,,,,0.0,1.0,96,0.00042316630411231166,,1,,1e-05,
mamba,19,COMPLETE,validation,primary_metric_value,0.0,maximize,80.64613434200874,reports/logs/hyperparameter_search/full/mamba/trial_019,reports/logs/hyperparameter_search/full/mamba/trial_019/trial_config.yaml,reports/logs/hyperparameter_search/full/mamba/trial_019/metrics.json,,,,0.0,5.0,64,0.0017025686529266407,,1,,0.0001,
rmt,0,COMPLETE,validation,primary_metric_value,0.0,maximize,64.96514704900619,reports/logs/hyperparameter_search/full/rmt/trial_000,reports/logs/hyperparameter_search/full/rmt/trial_000/trial_config.yaml,reports/logs/hyperparameter_search/full/rmt/trial_000/metrics.json,,,,0.0,2.0,96,0.001292718853878112,,1,,0.0,
rmt,1,COMPLETE,validation,primary_metric_value,0.0,maximize,74.69076477499038,reports/logs/hyperparameter_search/full/rmt/trial_001,reports/logs/hyperparameter_search/full/rmt/trial_001/trial_config.yaml,reports/logs/hyperparameter_search/full/rmt/trial_001/metrics.json,,,,0.0,5.0,192,0.00010197930765301028,,1,,0.0001,
rmt,2,COMPLETE,validation,primary_metric_value,0.0,maximize,87.58445160300471,reports/logs/hyperparameter_search/full/rmt/trial_002,reports/logs/hyperparameter_search/full/rmt/trial_002/trial_config.yaml,reports/logs/hyperparameter_search/full/rmt/trial_002/metrics.json,,,,0.2,0.5,128,0.0001468773618183974,,2,,0.001,
rmt,3,COMPLETE,validation,primary_metric_value,0.0,maximize,61.71201142000791,reports/logs/hyperparameter_search/full/rmt/trial_003,reports/logs/hyperparameter_search/full/rmt/trial_003/trial_config.yaml,reports/logs/hyperparameter_search/full/rmt/trial_003/metrics.json,,,,0.0,0.5,96,0.0002431330900965463,,1,,1e-05,
rmt,4,COMPLETE,validation,primary_metric_value,0.0,maximize,62.90309910400538,reports/logs/hyperparameter_search/full/rmt/trial_004,reports/logs/hyperparameter_search/full/rmt/trial_004/trial_config.yaml,reports/logs/hyperparameter_search/full/rmt/trial_004/metrics.json,,,,0.0,5.0,64,0.0006363708540165079,,2,,0.0001,
rmt,5,COMPLETE,validation,primary_metric_value,0.0,maximize,105.16779712500283,reports/logs/hyperparameter_search/full/rmt/trial_005,reports/logs/hyperparameter_search/full/rmt/trial_005/trial_config.yaml,reports/logs/hyperparameter_search/full/rmt/trial_005/metrics.json,,,,0.3,0.5,192,0.00041747644404421374,,2,,1e-05,
rmt,6,COMPLETE,validation,primary_metric_value,0.0,maximize,74.58243919799861,reports/logs/hyperparameter_search/full/rmt/trial_006,reports/logs/hyperparameter_search/full/rmt/trial_006/trial_config.yaml,reports/logs/hyperparameter_search/full/rmt/trial_006/metrics.json,,,,0.0,0.5,192,0.0002992128794811157,,1,,1e-06,
rmt,7,COMPLETE,validation,primary_metric_value,0.0,maximize,92.40225508500589,reports/logs/hyperparameter_search/full/rmt/trial_007,reports/logs/hyperparameter_search/full/rmt/trial_007/trial_config.yaml,reports/logs/hyperparameter_search/full/rmt/trial_007/metrics.json,,,,0.3,2.0,96,0.00010955679820771136,,3,,1e-05,
rmt,8,COMPLETE,validation,primary_metric_value,0.0,maximize,73.22747699200409,reports/logs/hyperparameter_search/full/rmt/trial_008,reports/logs/hyperparameter_search/full/rmt/trial_008/trial_config.yaml,reports/logs/hyperparameter_search/full/rmt/trial_008/metrics.json,,,,0.0,0.5,192,0.0005605561561903148,,1,,0.0,
rmt,9,COMPLETE,validation,primary_metric_value,0.0,maximize,77.65607292600907,reports/logs/hyperparameter_search/full/rmt/trial_009,reports/logs/hyperparameter_search/full/rmt/trial_009/trial_config.yaml,reports/logs/hyperparameter_search/full/rmt/trial_009/metrics.json,,,,0.1,1.0,96,0.001918719324034584,,2,,0.0,
rmt,10,COMPLETE,validation,primary_metric_value,0.0,maximize,100.27734113398765,reports/logs/hyperparameter_search/full/rmt/trial_010,reports/logs/hyperparameter_search/full/rmt/trial_010/trial_config.yaml,reports/logs/hyperparameter_search/full/rmt/trial_010/metrics.json,,,,0.1,1.0,128,0.0012610427034195095,,3,,0.0001,
rmt,11,COMPLETE,validation,primary_metric_value,0.0,maximize,104.1677500049991,reports/logs/hyperparameter_search/full/rmt/trial_011,reports/logs/hyperparameter_search/full/rmt/trial_011/trial_config.yaml,reports/logs/hyperparameter_search/full/rmt/trial_011/metrics.json,,,,0.1,1.0,128,0.0009115463072322707,,3,,1e-05,
rmt,12,COMPLETE,validation,primary_metric_value,0.0,maximize,65.6687552719959,reports/logs/hyperparameter_search/full/rmt/trial_012,reports/logs/hyperparameter_search/full/rmt/trial_012/trial_config.yaml,reports/logs/hyperparameter_search/full/rmt/trial_012/metrics.json,,,,0.0,5.0,96,0.00027680390540238853,,1,,0.001,
rmt,13,COMPLETE,validation,primary_metric_value,0.020833333333333332,maximize,60.920465729999705,reports/logs/hyperparameter_search/full/rmt/trial_013,reports/logs/hyperparameter_search/full/rmt/trial_013/trial_config.yaml,reports/logs/hyperparameter_search/full/rmt/trial_013/metrics.json,,,,0.0,1.0,64,0.0001292480485016535,,1,,0.0,
rmt,14,COMPLETE,validation,primary_metric_value,0.020833333333333332,maximize,71.92861148400698,reports/logs/hyperparameter_search/full/rmt/trial_014,reports/logs/hyperparameter_search/full/rmt/trial_014/trial_config.yaml,reports/logs/hyperparameter_search/full/rmt/trial_014/metrics.json,,,,0.0,1.0,96,0.0007747760600400413,,2,,0.0001,
rmt,15,COMPLETE,validation,primary_metric_value,0.0,maximize,181.05859195199446,reports/logs/hyperparameter_search/full/rmt/trial_015,reports/logs/hyperparameter_search/full/rmt/trial_015/trial_config.yaml,reports/logs/hyperparameter_search/full/rmt/trial_015/metrics.json,,,,0.0,5.0,96,0.00017005680178131183,,1,,1e-05,
rmt,16,COMPLETE,validation,primary_metric_value,0.0,maximize,125.85529031099986,reports/logs/hyperparameter_search/full/rmt/trial_016,reports/logs/hyperparameter_search/full/rmt/trial_016/trial_config.yaml,reports/logs/hyperparameter_search/full/rmt/trial_016/metrics.json,,,,0.3,5.0,96,0.00013104289401577395,,2,,0.001,
rmt,17,COMPLETE,validation,primary_metric_value,0.020833333333333332,maximize,120.25276799499989,reports/logs/hyperparameter_search/full/rmt/trial_017,reports/logs/hyperparameter_search/full/rmt/trial_017/trial_config.yaml,reports/logs/hyperparameter_search/full/rmt/trial_017/metrics.json,,,,0.2,0.5,64,0.0001416716894544856,,3,,0.0,
rmt,18,COMPLETE,validation,primary_metric_value,0.0,maximize,114.3987543400001,reports/logs/hyperparameter_search/full/rmt/trial_018,reports/logs/hyperparameter_search/full/rmt/trial_018/trial_config.yaml,reports/logs/hyperparameter_search/full/rmt/trial_018/metrics.json,,,,0.3,0.5,96,0.0011534649938908929,,2,,0.0,
rmt,19,COMPLETE,validation,primary_metric_value,0.0,maximize,92.32204163699998,reports/logs/hyperparameter_search/full/rmt/trial_019,reports/logs/hyperparameter_search/full/rmt/trial_019/trial_config.yaml,reports/logs/hyperparameter_search/full/rmt/trial_019/metrics.json,,,,0.0,0.5,64,0.00021070499030046441,,2,,0.0001,
